cluster,n,median_doc_len,median_tf_entropy,median_lex_div
-1,5510,3159.0,5.401780106681823,0.5396092607119385
0,53,3480.0,5.49407911619586,0.5257452574525745
1,89,2859.0,5.302747462523366,0.564625850340136
2,218,4295.0,5.5975920837172835,0.4946603037921327
3,90,3109.0,5.385887162554735,0.5446802676318965
4,3645,3056.0,5.380784246473025,0.5379113018597997
